{"P-Day": {"duration": {"min": 17471.0, "max": 35420.0, "mean": 26944.438848920865, "median": 26981.0, "std": 3445.826617923908}, "start": {"min": 18793.0, "max": 39295.0, "mean": 28798.31654676259, "median": 28637.5, "std": 3755.7130592274198}}, "Home": {"duration": {"min": 1.0, "max": 4739.0, "mean": 526.8911564625851, "median": 1.0, "std": 963.2273424914559}, "start": {"min": 29009.0, "max": 84451.0, "mean": 60918.677248677246, "median": 61590.0, "std": 9367.790441749485}}, "P-Morning": {"duration": {"min": 2491.0, "max": 23714.0, "mean": 14322.423236514524, "median": 14348.0, "std": 3445.351893710316}, "start": {"min": 17297.0, "max": 40889.0, "mean": 28935.560165975105, "median": 28983.0, "std": 3785.658411343515}}, "S-Short": {"duration": {"min": 8.0, "max": 15847.0, "mean": 4587.255118110236, "median": 4248.0, "std": 2827.261706485976}, "start": {"min": 29149.0, "max": 79630.0, "mean": 55986.27874015748, "median": 56900.0, "std": 10357.058618841304}}, "P-Afternoon": {"duration": {"min": 3960.0, "max": 21723.0, "mean": 14355.604081632653, "median": 14283.0, "std": 3439.8553781867754}, "start": {"min": 30186.0, "max": 63905.0, "mean": 49189.5306122449, "median": 49460.0, "std": 5300.630130434978}}, "S-Long": {"duration": {"min": 895.0, "max": 23363.0, "mean": 10831.380829015545, "median": 10721.5, "std": 3718.582110772163}, "start": {"min": 25629.0, "max": 57835.0, "mean": 41641.474093264245, "median": 41688.5, "std": 5728.867298058046}}}