TAZ,Poly,Area,Weight,GenEdge,PedEdge
9945403,47331742,1523,0.21738509848701112,-1043589807#1,-1043589807#1
9945403,543705208,1918,0.273765343990865,47919159#1,657248910
9945403,879491528,1977,0.2821866971167571,-29368614#4,657060900
9945403,879491526,65,0.009277761918355694,1079481502,879491524#2
9945403,879491527,1523,0.21738509848701112,-1043589807#1,-1043589807#1
