TAZ,Name,#Nodes,Area
197561,Westmount,152,35334.85205166522
1572820,Ville-Marie,9701,1902013.2996054008
1634158,Montréal,152,35334.85205166522
8805747,Le Sud-Ouest,5746,1323072.6163387983
9937137,René-Lévesque,2382,2009847.2483487618
9937184,Montagne,7061,1175333.3127750077
9937244,Vieux-Montréal,3236,2330302.013901663
9948739,Petite-Bourgogne,5746,1323072.6163387983
