TAZ,Name,#Nodes,Area
197561,Westmount,3228,1795188.5911010732
1572820,Ville-Marie,18442,3099275.787020234
1634158,Montréal,3228,1795188.5911010732
8805747,Le Sud-Ouest,15262,2464630.46910644
9937137,René-Lévesque,2298,2009847.2483487618
9937184,Montagne,8962,2533875.651659219
9937244,Vieux-Montréal,6266,2330302.013901663
9948738,Saint-Henri,1050,736642.6563458579
9948739,Petite-Bourgogne,15518,2539660.691482704
9948740,Pointe-Saint-Charles,895,329295.24916234124
